date,username,to,replies,retweets,favorites,text,geo,mentions,hashtags,id,permalink
2015-10-17 23:58:54,KiM_Cholera,lafauteaufoot,0,0,0,"@lafauteaufoot je connaissais déjà mais merci ! la future maison d' @Agate_You !",,@lafauteaufoot @Agate_You,,655533474741374976,https://twitter.com/KiM_Cholera/status/655533474741374976
2015-10-17 23:58:40,AwaazAzad,,0,1,0,"Secular Hate and Vitriol in the times of ""Intellectual Cholera"" http://indianexpress.com/article/opinion/columns/fifth-column-literary-politics/#.ViLfx3ab6rg.twitter … @SalmanRushdie @GhoshAmitav @tavleen_singh",,@SalmanRushdie @GhoshAmitav @tavleen_singh,#,655533416465625088,https://twitter.com/AwaazAzad/status/655533416465625088
2015-10-17 23:45:32,LukeMcCabe16,,0,0,0,"I TRULY HOPE THE PERSON WHO MADE THAT PHONE CALL GETS CHOLERA",,,,655530111282905088,https://twitter.com/LukeMcCabe16/status/655530111282905088
2015-10-17 23:32:01,edyta_bienczak,edyta_bienczak,0,0,1,"..niż damski bokser Wojnow, choć tak naprawdę to wybór między dżumą a cholerą"". well said @KowalAdrian! za @NHLwPL",,@KowalAdrian @NHLwPL,,655526709568131072,https://twitter.com/edyta_bienczak/status/655526709568131072
2015-10-17 23:25:04,ImmsLink,,0,0,0,"Vaccination workers support Iraq against polio and cholera | Vaccine News http://ow.ly/TwZ0N http://fb.me/Mxq54n9T",,,,655524962044936193,https://twitter.com/ImmsLink/status/655524962044936193
2015-10-17 23:16:04,otbherkyounoi,,0,0,0,"The team is now working to investigate suspected cholera cases in Kigoma, the region straddling the shared border of both countries.",,,,655522696864886784,https://twitter.com/otbherkyounoi/status/655522696864886784
2015-10-17 23:10:10,sheeranist,,0,0,0,"@gejholp leże w łóżku, zimno mi jak cholera i idk co robić",,@gejholp,,655521212613959680,https://twitter.com/sheeranist/status/655521212613959680
2015-10-17 22:58:17,Coexister75,souamesfarah,1,0,0,"@souamesfarah La peste qui combat le Choléra",,@souamesfarah,,655518220561068033,https://twitter.com/Coexister75/status/655518220561068033
2015-10-17 22:53:01,Sarcyanical,,0,0,0,"Man konnte nur wählen zwischen Cholera und Pest.",,,,655516897098772480,https://twitter.com/Sarcyanical/status/655516897098772480
2015-10-17 22:50:23,carnalmente,,0,0,0,"CHOLERA JASNA pic.twitter.com/R3U8032AW4",,,,655516233094307840,https://twitter.com/carnalmente/status/655516233094307840
2015-10-17 22:45:07,Frankel89666762,,0,0,0,"à dessin que l'on appelle les élections pour nous resservir le CHOIX entre LA PESTE ou LE CHOLERA en exhibant le l'épouvantail FN",,,,655514906930868228,https://twitter.com/Frankel89666762/status/655514906930868228
2015-10-17 22:35:26,swiftflake,swiftflake,0,0,0,"8 raz, cholera, co jest?",,,,655512471038488576,https://twitter.com/swiftflake/status/655512471038488576
2015-10-17 22:28:16,chanelgurlx,,0,0,0,"Spac mi sie chce jak cholera i brzuch mnie napierdziela takze ten",,,,655510668955750400,https://twitter.com/chanelgurlx/status/655510668955750400
2015-10-17 22:26:27,hazzalala,hazzalala,0,0,0,"@dupamojegopsa no cholera",,@dupamojegopsa,,655510208224063492,https://twitter.com/hazzalala/status/655510208224063492
2015-10-17 22:23:11,Never_Be_Lennie,5SOSUpdatesPL,0,1,0,"O cholera. Niech się pospieszą. Mam nadzieję, że będziemy mogły się cieszyć, gdy to ogłoszą :D https://twitter.com/5SOSUpdatesPL/status/655508590103523328 …",,,,655509389533716481,https://twitter.com/Never_Be_Lennie/status/655509389533716481
2015-10-17 22:20:41,_Bad_x_Bitch_,,0,0,0,"Cholera przeczuwałam że nic nie będzie",,,,655508757082976256,https://twitter.com/_Bad_x_Bitch_/status/655508757082976256
2015-10-17 22:18:12,ificanlie,,0,0,0,"Chyba skecialam kostke, cholera. Jak wyginam noge to boli strasznie ew",,,,655508133960380416,https://twitter.com/ificanlie/status/655508133960380416
2015-10-17 22:15:23,brunobeaufils,,0,0,0,"Du rififi chez les opérateurs : http://www.lavoixdunord.fr/region/fibre-optique-la-metropole-europeenne-de-lille-rompt-ia19b0n3108065 …. Après la peste, @Lillemetropole choisit le choléra :-/ Cc: @federationfdn",,@Lillemetropole @federationfdn,,655507426557468673,https://twitter.com/brunobeaufils/status/655507426557468673
2015-10-17 22:06:15,MagduIia,MisioBeng,2,0,1,"@MisioBeng Tak, tura zjedli, od dzieciństwa przeżywam... Ostatniego tura zjadł Zygmunt August, cholera @konwinska",,@MisioBeng @konwinska,,655505124949934081,https://twitter.com/MagduIia/status/655505124949934081
2015-10-17 22:04:50,bareem11,,0,0,0,"@AhmadiTruth Qadyian was struck by cholera! all his symptoms referred to cholera. I don't need to listen to your lies.",,@AhmadiTruth,,655504771764363264,https://twitter.com/bareem11/status/655504771764363264
2015-10-17 22:02:29,BillMatory,,0,0,0,"Haiti’s Earthquake Was Devastating. The Cholera Epidemic Was Worse. http://www.thenation.com/article/haitis-earthquake-was-devastating-the-cholera-epidemic-was-worse/ …",,,,655504180115668992,https://twitter.com/BillMatory/status/655504180115668992
2015-10-17 22:00:48,bareem11,,0,0,0,"@AhmadiTruth I warn you! Stop posting thing that you have no idea about! Your Dajjal died by cholera pic.twitter.com/07wR0NJiBz",,@AhmadiTruth,,655503756923154433,https://twitter.com/bareem11/status/655503756923154433
2015-10-17 22:00:47,spiffydrifter,,0,0,0,"@GUBLERNATION, I see your cholera jacuzzi and raise you a corn-filled swimming pool. #fallfestival #fallisherepic.twitter.com/E7dvbAqnLD",,@GUBLERNATION,#fallfestival #fallisherepic,655503751009214464,https://twitter.com/spiffydrifter/status/655503751009214464
2015-10-17 22:00:36,GabrielleDaff,,0,0,0,"Cholera, coraz bardziej zaczynam dostrzegać w otaczającej nas rzeczywistości to, że najsmutniejsi ludzie śmieją się najwięcej. #zamęt",,,#zamęt,655503703609376768,https://twitter.com/GabrielleDaff/status/655503703609376768
2015-10-17 21:58:53,GroulxSuzanne,JeanMarcLeger1,1,0,0,"@JeanMarcLeger1 @norpaulhus On espère parce que si la tendance se maintient, ce sera ""changer la peste pour le choléra! !",,@JeanMarcLeger1 @norpaulhus,,655503270589394945,https://twitter.com/GroulxSuzanne/status/655503270589394945
2015-10-17 21:57:38,dallassrallas,,0,0,0,"to bedzie takie piekło, że cholera",,,,655502959770509312,https://twitter.com/dallassrallas/status/655502959770509312
2015-10-17 21:54:47,grimmsocean,,0,0,0,"Cholera mnie bierze",,,,655502241244299264,https://twitter.com/grimmsocean/status/655502241244299264
2015-10-17 21:54:24,Earthquake_rt,,0,0,0,"Haiti’s Earthquake Was Devastating. The Cholera Epidemic Was Worse. via thenation http://www.thenation.com/article/haitis-earthquake-was-devastating-the-cholera-epidemic-was-worse/ …",,,,655502143244410880,https://twitter.com/Earthquake_rt/status/655502143244410880
2015-10-17 21:53:12,KlausRiede,,0,0,0,"WHO | Cholera – Iraq http://www.who.int/csr/don/28-september-2015-cholera/en/#.ViLCXd5k7h0.twitter …",,,#,655501841162203136,https://twitter.com/KlausRiede/status/655501841162203136
2015-10-17 21:52:55,GeminijlwWilson,,0,0,0,"Haiti’s Earthquake Was Devastating. The Cholera Epidemic Was Worse. via @thenation http://www.thenation.com/article/haitis-earthquake-was-devastating-the-cholera-epidemic-was-worse/ …",,@thenation,,655501769880051712,https://twitter.com/GeminijlwWilson/status/655501769880051712
2015-10-17 21:50:35,lukeinmymouth,biebzzluh,0,0,0,"Ostatnio śniło mi się że mnie ktoś jadł ogólnie nie polecam bo boli jak cholera https://twitter.com/biebzzluh/status/655342255935520768 …",,,,655501184497750016,https://twitter.com/lukeinmymouth/status/655501184497750016
2015-10-17 21:49:21,KlausRiede,,0,0,0,"WHO | Cholera – Iraq http://www.who.int/csr/don/28-september-2015-cholera/en/#.ViLCXZhi-WY.twitter …",,,#,655500873209114624,https://twitter.com/KlausRiede/status/655500873209114624
2015-10-17 21:47:22,Th3Driv3rrr,,0,0,0,"Cholera :( Karta graficzna odmówiła posłuszeństwa w Macbooku, jak dobrze, że jest opcja działania na zaintegrowanej. Na jakiś czas musi wyst",,,,655500372627345408,https://twitter.com/Th3Driv3rrr/status/655500372627345408
2015-10-17 21:46:28,louismoky,,0,0,0,"w sumie cholera jemu w każdej fryzurze jest dobrze, w każdym ubraniu jest okej, to jest niemożliwe",,,,655500149486190592,https://twitter.com/louismoky/status/655500149486190592
2015-10-17 21:41:29,bareem11,,0,0,0,"@AhmadiTruth The laying when you tell your people that Cholera wouldn't contamin Qadyain, Yet God refuted his claim.",,@AhmadiTruth,,655498893413777408,https://twitter.com/bareem11/status/655498893413777408
2015-10-17 21:39:42,Earthquake_rt,,0,0,0,"Haiti’s Earthquake Was Devastating. The Cholera Epidemic Was Worse. http://www.thenation.com/article/haitis-earthquake-was-devastating-the-cholera-epidemic-was-worse/ … #UniteBluepic.twitter.com/VP35rVFz0o",,,#UniteBluepic,655498444405088256,https://twitter.com/Earthquake_rt/status/655498444405088256
2015-10-17 21:37:50,mortycjaddams,LANcaster,1,0,0,"@LANcaster mnie ostatnio zaszokowało, że mój konkubent nie oglądał titanica. PRZECIEŻ KAŻDY OGLĄDAŁ TITANICA, CHOLERA!",,@LANcaster,,655497974907346944,https://twitter.com/mortycjaddams/status/655497974907346944
2015-10-17 21:37:23,Libertea2012,,0,2,1,"Haiti’s Earthquake Was Devastating. The Cholera Epidemic Was Worse. http://www.thenation.com/article/haitis-earthquake-was-devastating-the-cholera-epidemic-was-worse/ … #UniteBluepic.twitter.com/dGQL5yIjFq",,,#UniteBluepic,655497859911979008,https://twitter.com/Libertea2012/status/655497859911979008
2015-10-17 21:34:46,jasna_cholera,,0,0,0,"Dobranoc misie :***",,,,655497203801305089,https://twitter.com/jasna_cholera/status/655497203801305089
2015-10-17 21:33:09,ten_mackooo,znikaj,1,0,0,"@urnenemy cholera nie mam żadnych na teraz :/",,@urnenemy,,655496795045429248,https://twitter.com/ten_mackooo/status/655496795045429248
2015-10-17 21:28:01,MIKE0LRH,,0,0,0,"@violetxti o cholera ale mnie nie znajdziesz bo leze w lozku na drugim pientrze zielony dom pod czerwona kołdrą",,@violetxti,,655495506043510785,https://twitter.com/MIKE0LRH/status/655495506043510785
2015-10-17 21:27:59,AlpSirman,,0,2,0,"WHO | Cholera – Iraq http://www.who.int/csr/don/12-october-2015-cholera/en/#.ViK9Qok2-_I.twitter … / Irakta Kolera salgını.. Dikkatli olunmalı",,,#,655495498338537472,https://twitter.com/AlpSirman/status/655495498338537472
2015-10-17 21:26:37,caffreyshat,,0,0,0,"Właśnie napisałam wiersz. O cholera. #EMABiggestFansJustinBieber",,,#EMABiggestFansJustinBieber,655495152534966272,https://twitter.com/caffreyshat/status/655495152534966272
2015-10-17 21:23:50,kidrauhlovely,yourstvuIy,2,0,0,"@afirelovebieber - popijal piwo i chytrze sie usmiechnal, chcial sorawdzic twoja reakcje* cholera, ja moglem ja wtedy poderwac",,@afirelovebieber,,655494452606345216,https://twitter.com/kidrauhlovely/status/655494452606345216
2015-10-17 21:23:45,jasna_cholera,,0,0,0,"23:23 ktoś o mnie myśli #telethon7",,,#telethon7,655494431357931520,https://twitter.com/jasna_cholera/status/655494431357931520
2015-10-17 21:22:58,onlysselena,BBYGIRLVATO,1,0,0,"@frugalluna nie wiem czy wiesz ale cholera to też jest choroba",,@frugalluna,,655494235190382592,https://twitter.com/onlysselena/status/655494235190382592
2015-10-17 21:19:01,ElvisPM87,,1,0,0,"O cholera. Asensio już 3 asysty.",,,,655493238086832128,https://twitter.com/ElvisPM87/status/655493238086832128
2015-10-17 21:17:04,dewlanna,DeWaaslandwolf,1,0,0,"@DeWaaslandwolf wie komt er dan naar Lokeren? Ferreira of Preud'homme? Pest of Cholera!",,@DeWaaslandwolf,,655492751132332032,https://twitter.com/dewlanna/status/655492751132332032
2015-10-17 21:10:47,bot_disease,,0,0,0,"【コレラ（Cholera）】コレラ菌による経口感染症。三類感染症の第一号。主な症状は下痢、低体温、血行障害、血圧低下、頻脈、痙攣など。致死率は適切な処置を行えば1％程度。「コロッと死ぬコレラ」として昔は恐れられていたが、今ではそうでもない。",,,,655491168566833152,https://twitter.com/bot_disease/status/655491168566833152
2015-10-17 21:05:45,Estka95,,0,2,0,"Barbossa -....uwolniony ją a ona z wdzięczności da nam klejnoty. Jack - Klejnoty? Chyba twoje! Pieprzysz jak cholera! #piracizkaraibow",,,#piracizkaraibow,655489901778087936,https://twitter.com/Estka95/status/655489901778087936
2015-10-17 21:05:01,Ol4Gr0m,LegiaWarszawa,0,0,1,"Cholera nie mogę, odkładam na Księgę Stulecia... https://twitter.com/LegiaWarszawa/status/655448542639738881 …",,,,655489718570852352,https://twitter.com/Ol4Gr0m/status/655489718570852352
2015-10-17 21:04:39,Libertea2012,,0,2,1,"Haiti’s Earthquake Was Devastating. The Cholera Epidemic Was Worse. http://www.thenation.com/article/haitis-earthquake-was-devastating-the-cholera-epidemic-was-worse/ … #UniteBluepic.twitter.com/ZCwM3MnmSC",,,#UniteBluepic,655489624052072448,https://twitter.com/Libertea2012/status/655489624052072448
2015-10-17 21:04:10,GlobalPress,,0,1,0,"NGOs Fight Cholera as Goma Residents Dream of Clean, Running Water http://buff.ly/1LgDdqY #africapic.twitter.com/XehDzlPRwA",,,#africapic,655489502329311232,https://twitter.com/GlobalPress/status/655489502329311232
2015-10-17 21:00:21,jasna_cholera,,0,0,0,"tak mega mi sie chce spać ,ale nie trzeba pomagać :** #telethon7",,,#telethon7,655488542957830144,https://twitter.com/jasna_cholera/status/655488542957830144
2015-10-17 20:58:01,datbeardyman,oceanclub,0,0,1,"@oceanclub Send a child up a chimney in the morning-sex with an emaciated prostitute in the evening-die of cholera that night #nostalgia",,@oceanclub,#nostalgia,655487955834904576,https://twitter.com/datbeardyman/status/655487955834904576
2015-10-17 20:57:05,charlie_StorM,akichuuuuuu,0,0,1,"@_soleiljaune cancer ou choléra?",,@_soleiljaune,,655487718382804996,https://twitter.com/charlie_StorM/status/655487718382804996
2015-10-17 20:55:40,cholera_jasna,,1,1,1,"@luuvsiemano bo ja z kol spamowalysmy mu ze go kochamy i ze dziekujemy ze nas przytulil i wgl i wyslal to pic.twitter.com/B3Le98o2Y4",,@luuvsiemano,,655487365427941376,https://twitter.com/cholera_jasna/status/655487365427941376
2015-10-17 20:54:51,getoutdude,,0,0,0,"#100faktowomojejdziewczynie 1-100 nie mam jej bo jestem życiowym nieudacznikiem i człowiekiem który wstydzi sie jak cholera",,,#100faktowomojejdziewczynie,655487160095789056,https://twitter.com/getoutdude/status/655487160095789056
2015-10-17 20:54:30,sweetadelinevt,,0,0,0,"#Haiti’s Earthquake Was Devastating. The Cholera Epidemic Was Worse. via @thenation http://www.thenation.com/article/haitis-earthquake-was-devastating-the-cholera-epidemic-was-worse/ …",,@thenation,#Haiti,655487071193272320,https://twitter.com/sweetadelinevt/status/655487071193272320
2015-10-17 20:50:34,cholera_jasna,,0,0,0,"@luuvsiemano ty stalkerko Tak gdjidnskdhald Dodal mnie i odczytal raz my story",,@luuvsiemano,,655486081022980096,https://twitter.com/cholera_jasna/status/655486081022980096
2015-10-17 20:48:59,cholera_jasna,,0,0,0,"@luuvsiemano aw #speedwayfamily laczmy sie",,@luuvsiemano,#speedwayfamily,655485683025518592,https://twitter.com/cholera_jasna/status/655485683025518592
2015-10-17 20:44:53,mcichecki_,c0p0x,1,0,0,"@c0p0x o cholera, nie wiedziałem o tej wadzie, masz coś takiego?",,@c0p0x,,655484651469979648,https://twitter.com/mcichecki_/status/655484651469979648
2015-10-17 20:44:24,jan2137,MicGornicki,0,0,0,"@michalgornicki dżuma czy cholera",,@michalgornicki,,655484530111946752,https://twitter.com/jan2137/status/655484530111946752
2015-10-17 20:44:04,cholera_jasna,,0,0,0,"@luuvsiemano o jejku a ty skad jestes??",,@luuvsiemano,,655484443008831488,https://twitter.com/cholera_jasna/status/655484443008831488
2015-10-17 20:43:15,DanielWaszczyk,sport_tvppl,0,0,0,"@sport_tvppl @arekmilik9 cholera dobry jest",,@sport_tvppl @arekmilik9,,655484240226861056,https://twitter.com/DanielWaszczyk/status/655484240226861056
2015-10-17 20:41:26,cholera_jasna,,0,0,0,"@luuvsiemano Taaak a co?",,@luuvsiemano,,655483782854778881,https://twitter.com/cholera_jasna/status/655483782854778881
2015-10-17 20:40:12,cholera_jasna,,0,0,0,"@luuvsiemano dziekuje twoje tez xx",,@luuvsiemano,,655483470718873600,https://twitter.com/cholera_jasna/status/655483470718873600
2015-10-17 20:39:00,arixsocks,,0,0,0,"cholera nie wiem jakiego kolczyka do nosa sobie kupic",,,,655483168217300993,https://twitter.com/arixsocks/status/655483168217300993
2015-10-17 20:38:46,httpsmyidols,,0,22,0,"O CHOLERA, JUSTIN TY CHODZĄCY SEKSIE #EMABiggestFansJustinBieberpic.twitter.com/qnXoKijc9T",,,#EMABiggestFansJustinBieberpic,655483108729462785,https://twitter.com/httpsmyidols/status/655483108729462785
2015-10-17 20:38:34,SelinaDavis73,patiencemosher,0,0,0,"Hee hee! Quite happy to run from cholera AND depression and PTSD. =) #ILoveModernTechnology #MedicatedAndMightyhttps://twitter.com/fortyfs/status/655454231818805250 …",,,#ILoveModernTechnology #MedicatedAndMightyhttps,655483061459546112,https://twitter.com/SelinaDavis73/status/655483061459546112
2015-10-17 20:37:50,LoverToMusic,,0,0,0,"-A skąd weźmiemy narkotyki? -Cholera! *magazyn dowodów* YOLO #21jumpstreet",,,#21jumpstreet,655482874901221376,https://twitter.com/LoverToMusic/status/655482874901221376
2015-10-17 20:35:33,cholera_jasna,,0,0,0,"@luuvsiemano aw dziekuje",,@luuvsiemano,,655482301929947136,https://twitter.com/cholera_jasna/status/655482301929947136
2015-10-17 20:32:06,b_izaura,,0,0,0,"There’s A Cholera Outbreak In Iraq http://flip.it/UWiAj",,,,655481434866630657,https://twitter.com/b_izaura/status/655481434866630657
2015-10-17 20:29:39,thefooleryoftom,simonfromharlow,0,0,1,"@simonfromharlow @getinthesea times were better when we risked cholera when we washed our hands. #wankers",,@simonfromharlow @getinthesea,#wankers,655480816395513857,https://twitter.com/thefooleryoftom/status/655480816395513857
2015-10-17 20:29:07,mz44uk,Zaza_blaugrana,1,0,0,"@Zaza_blaugrana @ElevenPOL W UPC nadal nie ma Eleven, a w internecie standardowo tnie jak cholera. A ligi francuskiej i belgijskiej nie ma.",,@Zaza_blaugrana @ElevenPOL,,655480682072928256,https://twitter.com/mz44uk/status/655480682072928256
2015-10-17 20:26:37,cholera_jasna,,0,0,0,"@Harry_Styles no ja czekam #100faktowomojejdziewczynie",,@Harry_Styles,#100faktowomojejdziewczynie,655480052411420672,https://twitter.com/cholera_jasna/status/655480052411420672
2015-10-17 20:19:10,ceraunophi,,0,0,0,"cholera Marta była jakaś taka smutna idk",,,,655478177444331520,https://twitter.com/ceraunophi/status/655478177444331520
2015-10-17 20:15:16,PaulHeymanGirI,,0,0,0,"I cholera będzie mieć najprzystojniejszego kapitana ever #piracizkaraibow",,,#piracizkaraibow,655477198556667904,https://twitter.com/PaulHeymanGirI/status/655477198556667904
2015-10-17 20:09:43,availablenow_,availablenow_,1,0,0,"Cholera jak on się narzuca",,,,655475800368660480,https://twitter.com/availablenow_/status/655475800368660480
2015-10-17 20:06:28,bieberalsey,,0,4,0,"o cholera pic.twitter.com/yaODmXDzdn",,,,655474981057482752,https://twitter.com/bieberalsey/status/655474981057482752
2015-10-17 20:00:08,dvshiell_,,0,0,1,"@Maddie__xoxo1d @k0teczek jedynie role playerów, a to sie nie liczy, cholera wszyscy chłopcy to jebani fejsbukowicze",,@Maddie__xoxo1d @k0teczek,,655473388840947712,https://twitter.com/dvshiell_/status/655473388840947712
2015-10-17 19:55:03,fakerichface,pjmsmanic,1,0,0,"@hemesve jak cholera",,@hemesve,,655472110958198784,https://twitter.com/fakerichface/status/655472110958198784
2015-10-17 19:54:36,rougefleurx,,0,0,0,"zrobiłabym sobie hybrydy, ale cholera to raczej niebezpieczne i nieodpowiednie przy mojej pracy.",,,,655471996894101504,https://twitter.com/rougefleurx/status/655471996894101504
2015-10-17 19:53:55,Article_25,,0,0,0,"""Haiti’s Earthquake Was Devastating. The Cholera Epidemic Was Worse."" http://www.thenation.com/article/haitis-earthquake-was-devastating-the-cholera-epidemic-was-worse/ …",,,,655471822046015488,https://twitter.com/Article_25/status/655471822046015488
2015-10-17 19:51:23,jasna_cholera,,0,0,0,"Jaki to był czad łał ahahahahah #thevoiceofpoland",,,#thevoiceofpoland,655471185736650752,https://twitter.com/jasna_cholera/status/655471185736650752
2015-10-17 19:42:23,sarahmaher2000,traceymckeon,1,0,0,"@traceymckeon I went with pizza and cholera vaccination myself",,@traceymckeon,,655468920070119428,https://twitter.com/sarahmaher2000/status/655468920070119428
2015-10-17 19:36:23,canubemyoops,,0,2,0,"""Harry jest niesamowicie dobrym flirciarzem. Uwiódł mnie już kilka razy. Cholera!"" ~ Louis Tomlinson #telethon7",,,#telethon7,655467410422669312,https://twitter.com/canubemyoops/status/655467410422669312
2015-10-17 19:30:04,1Dimaginy_PL,,0,18,24,"#EMABiggestFans1D #Imagine *W szkole* L: Idzie moja piękna dziewczyna! Czy ona nie jest seksowna? Cholera... pic.twitter.com/o205KEfWES",,,#EMABiggestFans1D #Imagine,655465823042183169,https://twitter.com/1Dimaginy_PL/status/655465823042183169
2015-10-17 19:28:48,LarroZaur,,0,0,0,"cholera",,,,655465504363163648,https://twitter.com/LarroZaur/status/655465504363163648
2015-10-17 19:28:37,Anula87,,1,0,1,"Cholera....dopiero w łóżku czuje jaka jestem zmęczona.... Ach ta siła woli...",,,,655465457823125504,https://twitter.com/Anula87/status/655465457823125504
2015-10-17 19:26:30,zakino4,mikoko1966,1,0,0,"@mikoko1966 cholera wie…",,@mikoko1966,,655464923888275456,https://twitter.com/zakino4/status/655464923888275456
2015-10-17 19:23:11,Jvrdxnn,,0,0,1,"Jeremstar c'est pire que le choléra.",,,,655464087980265473,https://twitter.com/Jvrdxnn/status/655464087980265473
2015-10-17 19:20:50,maliszaable,,0,0,0,"Mamy po 20 lat, cholera to jest dopiero początek naszego życia (...) pic.twitter.com/CGOqJKCslG",,,,655463498403749888,https://twitter.com/maliszaable/status/655463498403749888
2015-10-17 19:15:46,yourstvuIy,kidrauhlovely,0,0,0,"@kidrauhlovely c-co ty mówisz? O cholera..*szepnalem, mój oddech przyspieszył z tej całej sytuacji i pomoglem ci dojsc do auta, +",,@kidrauhlovely,,655462224874614784,https://twitter.com/yourstvuIy/status/655462224874614784
2015-10-17 19:08:16,bieberakamuffin,,0,0,0,"Cholera, tylko nie to #EMABiggestFansJustinBieber",,,#EMABiggestFansJustinBieber,655460333927178240,https://twitter.com/bieberakamuffin/status/655460333927178240
2015-10-17 19:04:07,Jeremie_196,,0,0,0,"@Vicky_Lewa Ceny będą okazyjne jak cholera :)",,@Vicky_Lewa,,655459290245935104,https://twitter.com/Jeremie_196/status/655459290245935104
2015-10-17 19:00:02,karolinakusmier,,1,0,2,"W Polsce każdy kogoś o coś podejrzewa ... cyrk jak jasna cholera",,,,655458261555130368,https://twitter.com/karolinakusmier/status/655458261555130368
2015-10-17 18:58:41,cholera_jasna,,0,1,0,"Oho! Andrzej! #thevoiceofpoland",,,#thevoiceofpoland,655457921677983748,https://twitter.com/cholera_jasna/status/655457921677983748
2015-10-17 18:58:30,karolinakusmier,AndrzejJ80,1,0,0,"@AndrzejJ80 @pisorgpl @tvp_info Cholera wie co zrobią po kampanii, są nieobliczalni. Znajdą sobie nowego Leppera i Blidę",,@AndrzejJ80 @pisorgpl @tvp_info,,655457876958400512,https://twitter.com/karolinakusmier/status/655457876958400512
2015-10-17 18:58:14,Ringaxlinga,,0,0,0,"Mam katar cholera",,,,655457811946741764,https://twitter.com/Ringaxlinga/status/655457811946741764
2015-10-17 18:55:38,cholera_jasna,,0,1,0,"Boze Andrzej #thevoiceofpoland",,,#thevoiceofpoland,655457154476974080,https://twitter.com/cholera_jasna/status/655457154476974080
2015-10-17 18:54:13,cholera_jasna,,0,2,1,"Jestem za Kasia #thevoiceofpoland",,,#thevoiceofpoland,655456801207529472,https://twitter.com/cholera_jasna/status/655456801207529472
2015-10-17 18:51:41,KiM_Cholera,,0,0,0,"MANGER ! #raclette #vegetables #vegetarian #omnomnom #yummy @… https://instagram.com/p/88w0QjixbIKZVr_nlg3-YrzWlnXzpeE93SV-g0/ …",,@,#raclette #vegetables #vegetarian #omnomnom #yummy,655456160980582400,https://twitter.com/KiM_Cholera/status/655456160980582400
2015-10-17 18:50:32,legalizgay,drunkwithrobyn,0,0,0,"@youwantmebby będą z moich i cholera ja wiem jak będę swoje wychowywać i traktować. muzyka w słuchawkach, trzaskam sobie czym popadnie",,@youwantmebby,,655455873444261889,https://twitter.com/legalizgay/status/655455873444261889
2015-10-17 18:50:26,hazzalala,dupamojegopsa,2,0,0,"@dupamojegopsa masz ochote i to wiem ja pierdole Klaudia ONE DIRECTION TU JEST NOSZ CHOLERA",,@dupamojegopsa,,655455846890086400,https://twitter.com/hazzalala/status/655455846890086400
2015-10-17 18:46:33,cholera_jasna,,0,0,1,"FABIAN #thevoiceofpoland #telethon7",,,#thevoiceofpoland #telethon7,655454869852131328,https://twitter.com/cholera_jasna/status/655454869852131328
2015-10-17 18:46:01,Nathanael42,KiM_Cholera,0,0,1,"@KiM_Cholera Je n'ai pas d'amis moi tu sais!... Mon samedi se résume à regarder Ruquier!",,@KiM_Cholera,,655454734296469504,https://twitter.com/Nathanael42/status/655454734296469504
2015-10-17 18:44:01,patiencemosher,,4,42,41,"We also survived for tens of thousands of years without sanitation. Stop running from cholera, you cowards https://twitter.com/koifresco/status/649269424726237184 …",,,,655454231818805250,https://twitter.com/patiencemosher/status/655454231818805250
2015-10-17 18:43:57,szygorski,MarcinTobis,0,0,0,"@MarcinTobis Cholera nie wiem co mi przyszło do głowy żeby kapitanem ustawiać Jelinka :D",,@MarcinTobis,,655454215746265088,https://twitter.com/szygorski/status/655454215746265088
2015-10-17 18:43:48,cholera_jasna,,0,0,0,"Mam nadzieje ze Fabian przejdzie #thevoiceofpoland #telethon7",,,#thevoiceofpoland #telethon7,655454180035985409,https://twitter.com/cholera_jasna/status/655454180035985409
2015-10-17 18:42:26,Nathanael42,KiM_Cholera,0,0,1,"@KiM_Cholera J'avais du retard sur tes photos! Je suis tombé sur ton profil, je ne l'ai pas lâché!",,@KiM_Cholera,,655453835389988864,https://twitter.com/Nathanael42/status/655453835389988864
2015-10-17 18:41:54,Domi1008,,0,0,0,"nie chjce czekac do nastepnego tygodnia zeby sobie pogadac z Justinem no cholera #EMABiggestFansJustinBieber #telethon7",,,#EMABiggestFansJustinBieber #telethon7,655453699159031808,https://twitter.com/Domi1008/status/655453699159031808
2015-10-17 18:40:10,dialbiblio,,0,0,0,"Cholera toxin-induced fluid secretion in rat gut ligated loops: influence of bile from normal or chole... http://hdl.handle.net/2078.1/24788",,,,655453264914313216,https://twitter.com/dialbiblio/status/655453264914313216
2015-10-17 18:40:10,dialbiblio,,0,0,0,"Protection of rat intestine against cholera toxin challenge by monoclonal anti-idiotypic antibody immu... http://hdl.handle.net/2078.1/24707",,,,655453262213156864,https://twitter.com/dialbiblio/status/655453262213156864
2015-10-17 18:39:45,shakeitloueh,,0,3,0,"andrzej zajebiście to zaśpiewał, powinien przejść dalej, albo być skradzionym cholera #thevoiceofpoland",,,#thevoiceofpoland,655453157498212352,https://twitter.com/shakeitloueh/status/655453157498212352
2015-10-17 18:37:27,szpiech1961,WandaNowicka,0,0,0,"@WandaNowicka @Zjed_Lewica bieda jak cholera a pis na kłam wydaje lekką reką20mil, dotej pory a zapłacimy wszyscy ,trafia mnie szlak",,@WandaNowicka @Zjed_Lewica,,655452578512314368,https://twitter.com/szpiech1961/status/655452578512314368
2015-10-17 18:36:33,KiM_Cholera,,2,0,1,"le plan de @Nathanael42 en ce beau samedi soit, c'était de liker tous mes Instagrams. ^____^",,@Nathanael42,,655452352179253248,https://twitter.com/KiM_Cholera/status/655452352179253248
2015-10-17 18:35:42,AlexandrMitrofa,Simindr,0,0,5,"@Simindr Cholera jakási či co.",,@Simindr,,655452141499322368,https://twitter.com/AlexandrMitrofa/status/655452141499322368
2015-10-17 18:35:16,cold_lips_,,0,0,0,"Całe życie zastanawiałam się jaka będzie przyszłość. Cholera, ale nigdy bym nie pomyślała że skończę jak teraz",,,,655452029486256128,https://twitter.com/cold_lips_/status/655452029486256128
2015-10-17 18:35:00,vaginbizzle,bieebsss,0,0,0,"@bieebsss + zaschnieta krew pod twoim nosem i wielkiego siniaka na policzku* -cholera... *wyszeptalam, poniewaz tylko tyle potrafilam z +",,@bieebsss,,655451962025091072,https://twitter.com/vaginbizzle/status/655451962025091072
2015-10-17 18:33:20,KiM_Cholera,,0,0,0,"raclette ! (avec @LifaenSinople qui fait le con.) #omnomnom #yummy… https://instagram.com/p/88ut5KCxVmJAxe2ktKXhtkV_tSonYmF2dycAU0/ …",,@LifaenSinople,#omnomnom #yummy,655451544989638656,https://twitter.com/KiM_Cholera/status/655451544989638656
2015-10-17 18:31:33,Lukasz_Glowacki,SZimoch,1,0,0,"@SZimoch Cholera wie. On dzisiaj jest jak człowiek zagadka. Niby powinien sobie poradzić, ale Zimnocha w Zimnochu zostało to nikt nie wie.",,@SZimoch,,655451096933126144,https://twitter.com/Lukasz_Glowacki/status/655451096933126144
2015-10-17 18:28:20,himyhood,,0,0,0,"tato mi proponuje sucharki wojskowe a one są twarde jak cholera",,,,655450284374781952,https://twitter.com/himyhood/status/655450284374781952
2015-10-17 18:15:01,verysstyles,embrouiIIe,1,0,0,"@jtblckhrthes cholera jasna *mruknelam pod mosem i syknelam czujac gorącą, naprawde gorącą ciecz na moim sweterku. Podniosłam sie szyvko i +",,@jtblckhrthes,,655446933146857472,https://twitter.com/verysstyles/status/655446933146857472
2015-10-17 18:12:31,EonFlax47,emii_ka30,1,0,1,"@em_ka25 Coś mnie kłamiesz Emi! Skarżyłaś się, że dzieci Cię nie słuchają. Jak byś była prawdziwą ""cholerą"", to by się Ciebie bały",,@em_ka25,,655446306824069122,https://twitter.com/EonFlax47/status/655446306824069122
2015-10-17 18:12:18,karolinakusmier,tvp_info,0,1,2,"Wasz prezes @pisorgpl chciał zaistnieć w niemieckich mediach to zaistniał Jarosław jest skuteczny jak cholera https://twitter.com/tvp_info/status/655415134387576832 …",,@pisorgpl,,655446250721030148,https://twitter.com/karolinakusmier/status/655446250721030148
2015-10-17 18:06:34,Anno_Mi,,2,0,1,"Cholera...zapomniałam,że pranie się prosi o zrobienie :)",,,,655444806710226944,https://twitter.com/Anno_Mi/status/655444806710226944
2015-10-17 18:04:52,_gizmo_,,1,0,1,"I'm buying an Audi TT on Monday. Suddenly inundated with BMW adverts all over the web like cholera.",,,,655444378627002368,https://twitter.com/_gizmo_/status/655444378627002368
2015-10-17 17:58:56,Comisarex1,JakubWinny,1,0,0,"@JakubWinny @the_pogarda Cholera, ale jak można być na Twitterze i mieć 0 obserwowanych??",,@JakubWinny @the_pogarda,,655442885727399936,https://twitter.com/Comisarex1/status/655442885727399936
2015-10-17 17:58:41,AntiRacismTv,,0,1,0,"New “Face Justice” campaign launched on behalf of Haiti’s cholera victims | Canada Haiti Action... http://fb.me/2TcTVez2d",,,,655442823919984640,https://twitter.com/AntiRacismTv/status/655442823919984640
2015-10-17 17:54:04,nbxbaltimore,,0,0,0,"It's been five years since a UN peacekeeping mission caused a cholera epidemic in Haiti. Victims want justice. http://buff.ly/1PkIXnx",,,,655441662974496769,https://twitter.com/nbxbaltimore/status/655441662974496769
2015-10-17 17:48:53,JustMaddieJoeJ,,0,0,0,"Cholera nogi mnie swędzą a nie mam już wapna ;/",,,,655440357887471616,https://twitter.com/JustMaddieJoeJ/status/655440357887471616
2015-10-17 17:42:30,expiredomar,,0,0,0,"Can't wait till Cholera wipes us out",,,,655438751095586816,https://twitter.com/expiredomar/status/655438751095586816
2015-10-17 17:41:02,PhilVim,Twystsky,0,0,1,"@Twystsky En même temps, ds un autre registre, on n'a pas eu mieux. Entre peste ou choléra ??",,@Twystsky,,655438380789047296,https://twitter.com/PhilVim/status/655438380789047296
2015-10-17 17:38:15,luvmydirtbag,drewqbarbie,1,0,0,"@drewqbarbie z chęcią posłucham, ale nie obiecuję że cokolwiek pomogę.. cholera jestem tak bezużytecznym człowiekiem",,@drewqbarbie,,655437682483572736,https://twitter.com/luvmydirtbag/status/655437682483572736
2015-10-17 17:36:45,AndrzejWuu,,0,2,3,"Polska wciąż jest byle jaka. Chcę pomocy Kamińszczaka. Nie chcę Kopacz ni Millera, Niechaj weźmie ich cholera. https://twitter.com/zaorany/status/655356859654737920 …",,,,655437304098594817,https://twitter.com/AndrzejWuu/status/655437304098594817
2015-10-17 17:33:01,shashabooyah,,0,0,0,"o cholera",,,,655436366919155713,https://twitter.com/shashabooyah/status/655436366919155713
2015-10-17 17:32:10,94buteracutie,,0,0,0,"Cholera ktos sobie robi imprezę w moim bloku i slysze jak sie bawią wkurwia mnie to",,,,655436149863903232,https://twitter.com/94buteracutie/status/655436149863903232
2015-10-17 17:30:49,morgaaanit,,0,12,0,"Dałeś rt i czujesz że robisz coś dobrego? I masz cholera rację! Bo robisz coś bardzo bardzo dobrego #telethon7",,,#telethon7,655435809785532416,https://twitter.com/morgaaanit/status/655435809785532416
2015-10-17 17:19:58,cholera_jasna,,0,0,0,"19:19",,,,655433079528554497,https://twitter.com/cholera_jasna/status/655433079528554497
2015-10-17 17:17:21,pola_mm,Toma__Bon,2,0,0,"@TomaszBona @MSwadowska O cholera :)",,@TomaszBona @MSwadowska,,655432421626789888,https://twitter.com/pola_mm/status/655432421626789888
2015-10-17 17:15:17,cholera_jasna,,0,1,0,"#telethon7",,,#telethon7,655431900757118976,https://twitter.com/cholera_jasna/status/655431900757118976
2015-10-17 17:15:11,glossychampagne,,0,0,0,"jest mi zimno jak cholera",,,,655431876065251328,https://twitter.com/glossychampagne/status/655431876065251328
2015-10-17 17:15:09,HiviSasa,,0,2,1,"Lenai: Public health department committed to eliminating cholera threat http://www.hivisasa.com/nakuru/news/88302 … @NakuruCountyGovpic.twitter.com/uk79Tn7G7K",,@NakuruCountyGovpic,,655431867844333568,https://twitter.com/HiviSasa/status/655431867844333568
2015-10-17 17:15:06,cholera_jasna,,0,1,0,"#telethon7",,,#telethon7,655431855991345153,https://twitter.com/cholera_jasna/status/655431855991345153
2015-10-17 17:14:04,cholera_jasna,,0,1,0,"#telethon7",,,#telethon7,655431597475414016,https://twitter.com/cholera_jasna/status/655431597475414016
2015-10-17 17:13:55,cholera_jasna,,0,1,0,"#telethon7",,,#telethon7,655431558183190529,https://twitter.com/cholera_jasna/status/655431558183190529
2015-10-17 17:13:10,cholera_jasna,,0,2,0,"#telethon7",,,#telethon7,655431369221386240,https://twitter.com/cholera_jasna/status/655431369221386240
2015-10-17 17:13:01,cholera_jasna,,0,1,0,"#telethon7",,,#telethon7,655431330885423104,https://twitter.com/cholera_jasna/status/655431330885423104
2015-10-17 17:12:54,cholera_jasna,,0,1,0,"#telethon7",,,#telethon7,655431304083804160,https://twitter.com/cholera_jasna/status/655431304083804160
2015-10-17 17:12:18,cholera_jasna,,0,1,0,"#telethon7",,,#telethon7,655431153600606208,https://twitter.com/cholera_jasna/status/655431153600606208
2015-10-17 17:12:13,cholera_jasna,,0,1,0,"#telethon7",,,#telethon7,655431128564764672,https://twitter.com/cholera_jasna/status/655431128564764672
2015-10-17 17:12:02,mccandlessp,,0,9,5,"#Hunting #Cholera, #London, 1832.pic.twitter.com/Fn8dN9hpFb",,,#Hunting #Cholera #London,655431084344262656,https://twitter.com/mccandlessp/status/655431084344262656
2015-10-17 17:11:52,cholera_jasna,,0,1,0,"#telethon7",,,#telethon7,655431041293930497,https://twitter.com/cholera_jasna/status/655431041293930497
2015-10-17 17:11:20,cholera_jasna,,0,1,0,"#telethon7",,,#telethon7,655430909009768448,https://twitter.com/cholera_jasna/status/655430909009768448
2015-10-17 17:11:14,cholera_jasna,,0,1,0,"#telethon7",,,#telethon7,655430884166934529,https://twitter.com/cholera_jasna/status/655430884166934529
2015-10-17 17:11:09,cholera_jasna,,0,1,0,"#telethon7",,,#telethon7,655430863224754176,https://twitter.com/cholera_jasna/status/655430863224754176
2015-10-17 17:11:05,cholera_jasna,,0,1,0,"#telethon7",,,#telethon7,655430846372007936,https://twitter.com/cholera_jasna/status/655430846372007936
2015-10-17 17:10:49,cholera_jasna,,0,1,0,"#telethon7",,,#telethon7,655430779959418881,https://twitter.com/cholera_jasna/status/655430779959418881
2015-10-17 17:10:44,cholera_jasna,,0,1,0,"#telethon7",,,#telethon7,655430758480420864,https://twitter.com/cholera_jasna/status/655430758480420864
2015-10-17 17:10:36,cholera_jasna,,0,1,0,"#telethon7",,,#telethon7,655430725118898177,https://twitter.com/cholera_jasna/status/655430725118898177
2015-10-17 17:10:30,cholera_jasna,,0,1,0,"#telethon7",,,#telethon7,655430696610189312,https://twitter.com/cholera_jasna/status/655430696610189312
2015-10-17 17:10:18,cholera_jasna,,0,1,0,"#telethon7",,,#telethon7,655430649029988353,https://twitter.com/cholera_jasna/status/655430649029988353
2015-10-17 17:10:11,cholera_jasna,,0,1,0,"#telethon7",,,#telethon7,655430617031712768,https://twitter.com/cholera_jasna/status/655430617031712768
2015-10-17 17:10:04,cholera_jasna,,0,1,0,"#telethon7",,,#telethon7,655430588812382208,https://twitter.com/cholera_jasna/status/655430588812382208
2015-10-17 17:09:56,cholera_jasna,,0,1,0,"#telethon7",,,#telethon7,655430556688195584,https://twitter.com/cholera_jasna/status/655430556688195584
2015-10-17 17:09:10,cholera_jasna,,0,1,0,"#telethon7",,,#telethon7,655430363414679552,https://twitter.com/cholera_jasna/status/655430363414679552
2015-10-17 17:09:01,cholera_jasna,,0,3,0,"#telethon7",,,#telethon7,655430326123167744,https://twitter.com/cholera_jasna/status/655430326123167744
2015-10-17 17:09:01,cholera_jasna,,0,1,0,"#telethon7",,,#telethon7,655430324265054208,https://twitter.com/cholera_jasna/status/655430324265054208
2015-10-17 17:08:39,cholera_jasna,,0,0,0,"#telethon7",,,#telethon7,655430231474352128,https://twitter.com/cholera_jasna/status/655430231474352128
2015-10-17 17:06:35,karolz75,WeszloCom,0,0,0,"@WeszloCom cholera, kolo mojej matki, a dzis mamy impre rodzinna gdzie indziej.",,@WeszloCom,,655429714669142016,https://twitter.com/karolz75/status/655429714669142016
2015-10-17 17:04:16,fallentoworld,loulittleflower,1,0,1,"@loulittleflower o cholera twoja mama i ciocia to body goals >>",,@loulittleflower,,655429130725543936,https://twitter.com/fallentoworld/status/655429130725543936
2015-10-17 17:02:53,ijdh,,0,6,2,"ICYMI, this was a big week for #cholera advocacy. 5 years later, the @UN has yet to #FaceJustice : http://bit.ly/1MzVvph",,@UN,#cholera #FaceJustice,655428782732550144,https://twitter.com/ijdh/status/655428782732550144
2015-10-17 16:57:58,AlinurSalad,,0,0,0,"Diarrhoea outbreak in #Jowhar 'could be cholera' @RadioErgo http://radioergo.org/index.php?lang=1#Diarrhoea-outbreak-in-Jowhar-'could-be-cholera …'",,@RadioErgo,#Jowhar #Diarrhoea,655427542808178688,https://twitter.com/AlinurSalad/status/655427542808178688
2015-10-17 16:56:59,tpoi,Mammals_Suck,0,0,2,"@Mammals_Suck @surt_lab yeah! @bjesseshapiro has some mean cholera strains. Let's see how they like pyoverdin and biofilms. #TeamPseudomonas",,@Mammals_Suck @surt_lab @bjesseshapiro,#TeamPseudomonas,655427297747587072,https://twitter.com/tpoi/status/655427297747587072
2015-10-17 16:56:25,kvbyul,,1,61,10,"tak bardzo chciałabym, żeby w czasie przerwy 1d pomyśleli ""cholera tęsknię za tym wszystkim""i wrócili, żeby to nie był koniec #50faktowomnie",,,#50faktowomnie,655427156227596288,https://twitter.com/kvbyul/status/655427156227596288
2015-10-17 16:53:55,xmidnightdream_,,0,0,0,"Anja Tepes jest w Zako cholera, jadę tam dopiero o 22, może się będzie włóczyć po mieście",,,,655426527044247552,https://twitter.com/xmidnightdream_/status/655426527044247552
2015-10-17 16:53:25,UnwittingErza,,0,0,0,"Cholera ang cause of death ni Mabini. #HistoryTV5",,,#HistoryTV5,655426400338362368,https://twitter.com/UnwittingErza/status/655426400338362368
2015-10-17 16:52:39,haititruthorg,,0,0,0,"Haiti’s Earthquake Was Devastating. The Cholera Epidemic Was Worse – Added COMMENTARY By Haitian-Truth: If som... http://bit.ly/1QEbAte",,,,655426207513640960,https://twitter.com/haititruthorg/status/655426207513640960
2015-10-17 16:35:41,ergodically,,0,0,0,"#Haiti cholera victims want justice from the UN via @ajplus http://share.ajplus.net/9084",,@ajplus,#Haiti,655421934964973568,https://twitter.com/ergodically/status/655421934964973568
2015-10-17 16:31:18,kasiakiedrzynek,,0,0,0,"@rafal23s23 @lechpoznan a cholera juz wie co sie dzieje",,@rafal23s23 @lechpoznan,,655420831489724416,https://twitter.com/kasiakiedrzynek/status/655420831489724416
2015-10-17 16:29:50,annarodriguez0,Barrosmariby_3,0,0,0,"@Barrosmariby_3 the love in the time of cholera",,@Barrosmariby_3,,655420462768484352,https://twitter.com/annarodriguez0/status/655420462768484352
2015-10-17 16:27:56,eduardsparrow,,0,0,1,"@KatarzynaPawlak Pani Kasiu,ja mam duńską zamrażarkę od 40-tu lat, i już na nią patrzeć nie mogę,mrozi jak cholera,a zepsuć się nie chce:-))",,@KatarzynaPawlak,,655419985913905152,https://twitter.com/eduardsparrow/status/655419985913905152
2015-10-17 16:24:09,nbxatlanta,,0,0,0,"It's been five years since a UN peacekeeping mission caused a cholera epidemic in Haiti. Victims want justice. http://buff.ly/1PkIXnt",,,,655419034620600320,https://twitter.com/nbxatlanta/status/655419034620600320
2015-10-17 16:22:07,cupofpink,geisha_xd,1,1,0,"@geisha_xd cholera wiedzialam, ze jestem wyjatkowa, hahaha tesknilam cwelu",,@geisha_xd,,655418522533662724,https://twitter.com/cupofpink/status/655418522533662724
2015-10-17 16:18:27,chocoikon,,0,0,0,"#50faktowomnie 2 jestem niska jak cholera",,,#50faktowomnie,655417601573715968,https://twitter.com/chocoikon/status/655417601573715968
2015-10-17 16:13:09,sylwiaa834,,0,0,0,"wiedziałam, czułam że tak będzie cholera",,,,655416267927629824,https://twitter.com/sylwiaa834/status/655416267927629824
2015-10-17 16:10:43,Alida_Coughlin,,0,0,0,"Haiti’s Earthquake Was Devastating. The Cholera Epidemic Was Worse. via @thenation http://www.thenation.com/article/haitis-earthquake-was-devastating-the-cholera-epidemic-was-worse/ …",,@thenation,,655415655462772736,https://twitter.com/Alida_Coughlin/status/655415655462772736
2015-10-17 16:08:37,yourdamerosie,,0,2,0,"Cholera, zjadłabym placki ziemniaczane.",,,,655415124241620992,https://twitter.com/yourdamerosie/status/655415124241620992
2015-10-17 16:04:48,rckmeheri,cutxjinhong,0,2,0,"Nieśmiała jak cholera https://twitter.com/1Dkc5SOS/status/655344437082607616 …",,,,655414165633396740,https://twitter.com/rckmeheri/status/655414165633396740
2015-10-17 16:00:52,Irbise,aval4nche,1,0,1,"@aval4nche ale wczesniej dokładnie wygladzilam kremem, a i tak cholera znalazła mikroskopijny kanalik... #zgroza #jestemzdegustowana !!!!",,@aval4nche,#zgroza #jestemzdegustowana,655413174624231424,https://twitter.com/Irbise/status/655413174624231424
2015-10-17 15:55:17,Science_Alerts,,0,0,0,"#EurekaMag Evaluation of 3 modified live virus vaccines against hog cholera http://dlvr.it/CT7w8r",,,#EurekaMag,655411767892275200,https://twitter.com/Science_Alerts/status/655411767892275200
2015-10-17 15:55:10,Life_Sciences_,,0,0,0,"#EurekaMag Evaluation of 3 modified live virus vaccines against hog cholera http://dlvr.it/CT7y2m",,,#EurekaMag,655411740537065472,https://twitter.com/Life_Sciences_/status/655411740537065472
2015-10-17 15:55:09,getunakac,,0,0,0,"#EurekaMag Evaluation of 3 modified live virus vaccines against hog cholera http://dlvr.it/CT7xYM",,,#EurekaMag,655411735424184320,https://twitter.com/getunakac/status/655411735424184320
2015-10-17 15:55:08,GeoSciences,,0,0,0,"#EurekaMag Evaluation of 3 modified live virus vaccines against hog cholera http://dlvr.it/CT82xS",,,#EurekaMag,655411732219695104,https://twitter.com/GeoSciences/status/655411732219695104
2015-10-17 15:55:06,Olericulture,,0,0,0,"#EurekaMag Evaluation of 3 modified live virus vaccines against hog cholera http://dlvr.it/CT7y8T",,,#EurekaMag,655411723130671104,https://twitter.com/Olericulture/status/655411723130671104
2015-10-17 15:50:38,lukeylovana,,0,5,0,"Aż mnie cholera bierze, ale poczekam, odbiorę płytę i dopiero wtedy przesłucham. To uczucie - bezcenne #SoundsGoodFeelsGood",,,#SoundsGoodFeelsGood,655410599048957952,https://twitter.com/lukeylovana/status/655410599048957952
2015-10-17 15:47:37,millagrossa,,0,0,0,"Kilka minut do końca, a ja oglądam mecz bez kilkunastu zawałów na sekundę. Cholera, to chyba nie jest moje United :D",,,,655409842220367872,https://twitter.com/millagrossa/status/655409842220367872
2015-10-17 15:46:30,louisnottop,louisnottop,0,0,0,"KIEDY TO ZDOBYŁO 100 RT ŁOOOO CHOLERA",,,,655409557326471168,https://twitter.com/louisnottop/status/655409557326471168
2015-10-17 15:39:42,wiecznamigrena,strangerlabel,0,0,1,"@StrangerLabel o cholera, nieźle",,@StrangerLabel,,655407846004301824,https://twitter.com/wiecznamigrena/status/655407846004301824
2015-10-17 15:33:54,hypnticxs,itzyplace,0,0,0,"@hbtharmony cholera, piękna",,@hbtharmony,,655406387611181056,https://twitter.com/hypnticxs/status/655406387611181056
2015-10-17 15:33:06,EurekaMag,,0,202,0,"#EurekaMag Evaluation of 3 modified live virus vaccines against hog cholera http://dlvr.it/CT7hzm",,,#EurekaMag,655406188566188033,https://twitter.com/EurekaMag/status/655406188566188033
2015-10-17 15:31:08,sarahxfgz,,0,0,0,"Muszę koniecznie zrobić sobie żelowe paznokcie, ale cholera no czemu to tyle kosztuje?",,,,655405690073255936,https://twitter.com/sarahxfgz/status/655405690073255936
2015-10-17 15:26:14,vaginbizzle,bieebsss,0,0,0,"@bieebsss -cholera jasna *wyszeptalam pod nosem, wiedzac ze pewnie jestes poobijany, cholernie sie martwilam, ale zachowalam spokoj +",,@bieebsss,,655404458113937409,https://twitter.com/vaginbizzle/status/655404458113937409
2015-10-17 15:24:55,lukeflth,,1,0,0,"ZAPOMNIAŁAM ŻE LECI TOP MODEL, CHOLERA",,,,655404126688432128,https://twitter.com/lukeflth/status/655404126688432128
2015-10-17 15:18:57,MichaelLaTota,,0,0,0,"Stambouli, il a le niveau que Chantome avait quand ce dernier avait le choléra et le scorbut en meme temps.",,,,655402627371573248,https://twitter.com/MichaelLaTota/status/655402627371573248
2015-10-17 15:14:54,KrzysiekKortyna,kkozlowska2707,1,0,0,"@kkozlowska2707 a co to cholera się stało ?! ;)",,@kkozlowska2707,,655401605282398208,https://twitter.com/KrzysiekKortyna/status/655401605282398208
2015-10-17 15:06:59,maggie46_58,,0,0,0,"W Parku Kępa Potocka coś się dzieje, słyszę jak facet przez megafon gada - podziwiam ludzi,którzy tam są! Leje, zimno i mgła jak cholera",,,,655399612568739841,https://twitter.com/maggie46_58/status/655399612568739841
2015-10-17 15:06:29,lostboycampbell,vainilaxice_,1,0,0,"@xmalayox w zamrażalce jakieś są ale jagody gorzkie jak cholera",,@xmalayox,,655399488450920448,https://twitter.com/lostboycampbell/status/655399488450920448
2015-10-17 15:03:59,Mr_Rafal,VolleyCafe,0,0,1,"@VolleyCafe cholera! Nie ma na nc+! Dzieki",,@VolleyCafe,,655398859649232896,https://twitter.com/Mr_Rafal/status/655398859649232896
2015-10-17 14:55:12,APdaysgonebyme,,0,0,0,"Cholera #epidemic in #Birmingham, Alabama threatened to depopulate the city. Read more at: http://ow.ly/TwnPy",,,#epidemic #Birmingham,655396647669755906,https://twitter.com/APdaysgonebyme/status/655396647669755906
2015-10-17 14:55:12,alabamapioneers,,0,0,0,"Cholera #epidemic in #Birmingham, Alabama threatened to depopulate the city. Read more at: http://ow.ly/TwnPx",,,#epidemic #Birmingham,655396647418134528,https://twitter.com/alabamapioneers/status/655396647418134528
2015-10-17 14:41:19,sehomin,,0,0,0,"CHOLERA I JAK TU ICH NIE SHIPPOWAĆ?! NO JAK?! BAEKYEOL TO PERFEKCJA;; pic.twitter.com/Jv4QAMxnlf",,,,655393153495781376,https://twitter.com/sehomin/status/655393153495781376
2015-10-17 14:40:06,sebastian3288,kimmichel32,0,0,0,"@myszman das ist wie Pest oder Cholera.",,@myszman,,655392850830561282,https://twitter.com/sebastian3288/status/655392850830561282
2015-10-17 14:39:57,Flyforawhile,,0,0,0,"wyjeżdżałam od siebie chyba z 5 minut? ruch jak w Rzymie na drogach, a leje jak cholera",,,,655392811928408064,https://twitter.com/Flyforawhile/status/655392811928408064
2015-10-17 14:35:21,_invector,KasiakMarek,1,0,1,"@KasiakMarek Przykre to, cholera:( @Anno_Mi",,@KasiakMarek @Anno_Mi,,655391654778642432,https://twitter.com/_invector/status/655391654778642432
2015-10-17 14:27:46,JustLaughAgainx,,0,0,0,"tak bardzo bym chciała usłyszeć Perfect na żywo,cholera",,,,655389747188232192,https://twitter.com/JustLaughAgainx/status/655389747188232192
2015-10-17 14:23:52,Askel16,,0,0,0,"*dzwoni tel* -halo? -Dominik,gdzie jesteś?Czekamy z tortem! -nie zaprosiliście mnie na moje przyjęcie więc mnie nie ma. -cholera...""",,,,655388762202054656,https://twitter.com/Askel16/status/655388762202054656
2015-10-17 14:17:51,2smart4u,,0,0,2,"Auch, wenn #Vizekusen mir meinen totalen #Kicktipp - Erfolg versaut, gefällt der Zwischenstand von Pest vs Cholera, ähh, #HSVLEV",,,#Vizekusen #Kicktipp #HSVLEV,655387251472515073,https://twitter.com/2smart4u/status/655387251472515073
2015-10-17 14:13:53,sophixcated,,0,0,0,"39. Złe strony: mam skłonności apodyktyczne, egocentryczne,niecierpliwa, leniwa jak cholera, trudna do kompromisów, wybuchowa #50faktowomnie",,,#50faktowomnie,655386250690613248,https://twitter.com/sophixcated/status/655386250690613248
2015-10-17 14:08:02,Labedzki_Art,,0,0,3,"The concept of character. Cholera by Vasylina pic.twitter.com/QqaM7Ps5H1",,,,655384777646829568,https://twitter.com/Labedzki_Art/status/655384777646829568
2015-10-17 14:07:22,EonFlax47,emii_ka30,1,0,0,"@em_ka25 No co Ty Emciu!? Jakaż z Ciebie ""cholera""?! ""Cholery"" nie lubią misiów!",,@em_ka25,,655384611971837952,https://twitter.com/EonFlax47/status/655384611971837952
2015-10-17 14:05:05,margedino,,0,0,1,"Je sais l'amour a tuer plus de gens que tout un siècle de choléra",,,,655384037410885632,https://twitter.com/margedino/status/655384037410885632
2015-10-17 13:51:05,polikarp0,asteryzmy,1,0,0,"@waruiwarai manga jest brzydka jak cholera XDDDD ale anime się przyjemnie ogląda xd i w 3 sezonie była już całkiem spoko kreska",,@waruiwarai,,655380512710795268,https://twitter.com/polikarp0/status/655380512710795268
2015-10-17 13:45:29,raftor_,Pawel88Florczak,1,0,0,"@Pawel88Florczak mówił nieprawdę? Cholera w GR była, dezynteria w AT była, epidemiolodzy potwierdzają słowa o pierwotniakach @JNizinkiewicz",,@Pawel88Florczak @JNizinkiewicz,,655379103986659328,https://twitter.com/raftor_/status/655379103986659328
2015-10-17 13:45:25,sarangpcy_,,0,0,0,"TO MNIE BOLI JAK JASNA CHOLERA T.T pic.twitter.com/onpaK6tcfE",,,,655379088106999808,https://twitter.com/sarangpcy_/status/655379088106999808
2015-10-17 13:43:45,marvellousxjb,cytaty_tumblr,0,0,0,"@cytaty_tumblr cóż...cholera.",,@cytaty_tumblr,,655378666227171328,https://twitter.com/marvellousxjb/status/655378666227171328
2015-10-17 13:37:00,Nelson_Menfoot,Coco_foot,1,0,0,"@Coco_foot le choix entre la peste et le choléra",,@Coco_foot,,655376969060786178,https://twitter.com/Nelson_Menfoot/status/655376969060786178
2015-10-17 13:33:12,batunstable,,0,0,0,"CHOLERA ON BYŁ ZE MNĄ 3 LATA",,,,655376013170446336,https://twitter.com/batunstable/status/655376013170446336
2015-10-17 13:31:38,batunstable,,0,0,0,"MIAŁ WYLINKĘ I ODRZUCIŁ 4 NOGI. CHOLERA TAK SAMO JAK MARCELINA",,,,655375617655971840,https://twitter.com/batunstable/status/655375617655971840
2015-10-17 13:30:59,batunstable,,0,0,0,"ALDON UMARŁ. MÓJ ALDON MAŁY UMARŁ. JA PIERDOLE MOJE DZIECKO. ALDON. CZEMU. NIEEEEE. DLACZEGO ALDON. CHOLERA",,,,655375455235776513,https://twitter.com/batunstable/status/655375455235776513
2015-10-17 13:28:26,brennawalks,UntoldLives,1,4,5,"Conversely, only beer workers survived the Broad Street cholera epidemic of 1854. So, you know. Swings, roundabouts https://twitter.com/untoldlives/status/655370454161596416 …",,,,655374812089622528,https://twitter.com/brennawalks/status/655374812089622528
2015-10-17 13:28:22,GZiemnik,Squawka,0,0,0,"O cholera https://twitter.com/Squawka/status/655374659852984320 …",,,,655374797917036545,https://twitter.com/GZiemnik/status/655374797917036545
2015-10-17 13:27:37,AnnDorphin,,0,0,2,"Der Typ, der im 19. Jahrhundert den Zusammenhang zwischen Cholera und Trinkwasser entdeckte, hieß John Snow?",,,,655374609685065729,https://twitter.com/AnnDorphin/status/655374609685065729
2015-10-17 13:26:51,konserwa100,AleksZawisza,0,0,0,"@AleksZawisza O cholera, faktycznie. Przepraszam, moja nieuważność. No, ale w sumie to lewicy powinno się podobać :) @ArmandRyfinski",,@AleksZawisza @ArmandRyfinski,,655374416382181376,https://twitter.com/konserwa100/status/655374416382181376
2015-10-17 13:26:23,pattieeuk,pattieeuk,0,0,0,"cholera i jeszcze muszę projekt zrobić",,,,655374299335950336,https://twitter.com/pattieeuk/status/655374299335950336
2015-10-17 13:25:57,LeappCheryl,,0,0,0,"Haiti’s Earthquake Was Devastating. The Cholera Epidemic Was Worse. http://fb.me/2LVFKgPl2",,,,655374189579255809,https://twitter.com/LeappCheryl/status/655374189579255809
2015-10-17 13:18:06,nazgul43,,0,0,0,"Turbulencja jak cholera... http://fb.me/3EOqlweT6",,,,655372213277691905,https://twitter.com/nazgul43/status/655372213277691905
2015-10-17 13:14:10,TomNerdo,MoleUnit,0,0,0,"@MoleUnit Also statt der Pest lieber Cholera? @HerrKnebel",,@MoleUnit @HerrKnebel,,655371224487342081,https://twitter.com/TomNerdo/status/655371224487342081
2015-10-17 13:11:27,derag0n,BrowarAmber,1,0,1,"@BrowarAmber o cholera, już chyba Was rozumiem. Przy czasie 0:21 jestem dopiero 92 :O",,@BrowarAmber,,655370538076934144,https://twitter.com/derag0n/status/655370538076934144
2015-10-17 13:08:46,ben_maclean,,0,0,1,"The drains at the #gym backed up, flooding the locker room with sewage. It's the new ""cardio 'n' cholera"" workout plan.",,,#gym,655369864740249600,https://twitter.com/ben_maclean/status/655369864740249600
2015-10-17 13:05:03,DolphinDivePro,haysmbrown,0,0,1,"@rain_n_Hayl you wait, they will be tying shoelaces, physio's and maybe a supposed outbreak of cholera",,@rain_n_Hayl,,655368928722599936,https://twitter.com/DolphinDivePro/status/655368928722599936
2015-10-17 13:02:38,MickTurski,,1,0,1,"Cholera. Audi się ścigają, a na prowadzeniu Merc :/",,,,655368319340441600,https://twitter.com/MickTurski/status/655368319340441600
2015-10-17 13:00:39,LoopNewsTT,,0,1,0,"Watch Now: Haitian Cholera victims tell UN to accept responsibility for disease http://ow.ly/Twl7o pic.twitter.com/T0FLUPu9Fd",,,,655367823032778752,https://twitter.com/LoopNewsTT/status/655367823032778752
2015-10-17 13:00:29,smokeartlouis,,0,0,0,"zawsze jak rozmawiam z martyna to myśle o Natalce no bo cholera, jak mozna miec tak identyczne głosy",,,,655367781563650048,https://twitter.com/smokeartlouis/status/655367781563650048
2015-10-17 12:52:57,Domi1008,,0,0,0,"no cholera czemumnie to bawi #EMABiggestFansJustinBieber",,,#EMABiggestFansJustinBieber,655365882814836736,https://twitter.com/Domi1008/status/655365882814836736
2015-10-17 12:43:02,Wichura_,PP_now,1,0,0,"@PP_now ale przeciez Mahi to matka Mustafy a misska potencjalna lejdi ale przyznaj ze ladna cholera",,@PP_now,,655363387463999488,https://twitter.com/Wichura_/status/655363387463999488
2015-10-17 12:42:44,fortnightlysara,,0,0,1,"Great they're moving all Beirut's mouldy cholera-infested trash to Akkar #طلعت_ريحتكم",,,#طلعت_ريحتكم,655363313426124800,https://twitter.com/fortnightlysara/status/655363313426124800
2015-10-17 12:41:13,Libertea2012,,0,0,1,"Haiti’s Earthquake Was Devastating. The Cholera Epidemic Was Worse. http://www.thenation.com/article/haitis-earthquake-was-devastating-the-cholera-epidemic-was-worse/ … #UniteBluepic.twitter.com/ibkxwZh185",,,#UniteBluepic,655362930167312384,https://twitter.com/Libertea2012/status/655362930167312384
2015-10-17 12:30:05,biebshvwty,iforbieber,0,0,0,"CHOLERA JASNA https://twitter.com/iforbieber/status/655350149099737088 …",,,,655360129894916096,https://twitter.com/biebshvwty/status/655360129894916096
2015-10-17 12:22:13,tulisio,,0,0,0,"The people of Haiti are dying of Cholera and lack the means to get treatment and improved living conditions. #NoPoverty #ActionAid_Haiti",,,#NoPoverty #ActionAid_Haiti,655358149583589376,https://twitter.com/tulisio/status/655358149583589376
2015-10-17 12:22:11,ewwstylez,delevihes,1,0,0,"@delevihes same a nie chcr mi sie jak cholera",,@delevihes,,655358142461644800,https://twitter.com/ewwstylez/status/655358142461644800
2015-10-17 12:18:16,panzer_w1959,,1,1,1,"Jadę do pracy...a nie chce mi się jak cholera. Do jutra.",,,,655357155273478144,https://twitter.com/panzer_w1959/status/655357155273478144
2015-10-17 12:16:24,vaginbizzle,bieebsss,0,0,0,"@bieebsss -cholera *warknelam cicho, pomagajac ci sie ubierac, wiedzialam ze mama za chwile wejdzie, gdy byles juz ubrany, zaczales +",,@bieebsss,,655356687692505088,https://twitter.com/vaginbizzle/status/655356687692505088
2015-10-17 12:11:17,chanyeollue,frenezje,1,0,0,"@homopornlouis cholera *mruknąłem cicho i poszedłem do kuchni zapalić papierosa, co bardzo rzadko robiłem*",,@homopornlouis,,655355400074719233,https://twitter.com/chanyeollue/status/655355400074719233
